wloborgname,wloborgid,wregorgname,wregorgid,wbrnorgname,wbrnorgid
"TDWDI","wlob2","Direct Investing - Account Management","wreg356000273","ATL1 (6208)","wbrn357002241"
"TDWDI","wlob2","Direct Investing - Account Management","wreg356000273","GTR1 (6208)","wbrn357002228"
"TDWDI","wlob2","Direct Investing - Account Management","wreg356000273","GTR2 (6208)","wbrn357002234"
"TDWDI","wlob2","Direct Investing - Account Management","wreg356000273","GTR3 (6208)","wbrn357002231"
"TDWDI","wlob2","Direct Investing - Account Management","wreg356000273","GTR4 (6208)","wbrn357002232"
"TDWDI","wlob2","Direct Investing - Account Management","wreg356000273","ONE1 (6208)","wbrn357002238"
"TDWDI","wlob2","Direct Investing - Account Management","wreg356000273","ONE2 (6208)","wbrn357002235"
"TDWDI","wlob2","Direct Investing - Account Management","wreg356000273","PAC1 (6208)","wbrn357002237"
"TDWDI","wlob2","Direct Investing - Account Management","wreg356000273","PAC2 (6208)","wbrn357002236"
"TDWDI","wlob2","Direct Investing - Account Management","wreg356000273","PAC3 (6208)","wbrn357002229"
"TDWDI","wlob2","Direct Investing - Account Management","wreg356000273","PRA1 (6208)","wbrn357002227"
"TDWDI","wlob2","Direct Investing - Account Management","wreg356000273","PRA2 (6208)","wbrn357002239"
"TDWDI","wlob2","Direct Investing - Account Management","wreg356000273","PRA3 (6208)","wbrn357002230"
"TDWDI","wlob2","Direct Investing - Account Management","wreg356000273","QUE1 (6208)","wbrn357002233"
"TDWDI","wlob2","Direct Investing - Account Management","wreg356000273","WOR (6208)","wbrn357002240"
"TDWDI","wlob2","Direct Investing - Greater Toronto Area","wreg356000283","GTA1 (9157)","wbrn357002123"
"TDWDI","wlob2","Direct Investing - Greater Toronto Area","wreg356000283","GTA2 (9157)","wbrn357002128"
"TDWDI","wlob2","Direct Investing - Greater Toronto Area","wreg356000283","GTA3 (9157)","wbrn357002122"
"TDWDI","wlob2","Direct Investing - Greater Toronto Area","wreg356000283","GTA5 (9157)","wbrn357002125"
"TDWDI","wlob2","Direct Investing - Greater Toronto Area","wreg356000283","GTA7 (9157)","wbrn357002130"
"TDWDI","wlob2","Direct Investing - Greater Toronto Area","wreg356000283","NORTHYORK1 (9157)","wbrn357002126"
"TDWDI","wlob2","Direct Investing - Greater Toronto Area","wreg356000283","TORONTO1 (9157)","wbrn357002129"
"TDWDI","wlob2","Direct Investing - Greater Toronto Area","wreg356000283","TORONTO2 (9157)","wbrn357002124"
"TDWDI","wlob2","Direct Investing - Greater Toronto Area","wreg356000283","TORONTO3 (9157)","wbrn357002127"
"TDWDI","wlob2","Direct Investing - Greater Toronto Area and Western Ontario","wreg356000285","GTA4 (9157)","wbrn357002175"
"TDWDI","wlob2","Direct Investing - Greater Toronto Area and Western Ontario","wreg356000285","GTA6 (9157)","wbrn357002169"
"TDWDI","wlob2","Direct Investing - Greater Toronto Area and Western Ontario","wreg356000285","LONDON (9157)","wbrn357002170"
"TDWDI","wlob2","Direct Investing - Greater Toronto Area and Western Ontario","wreg356000285","ONE (9157)","wbrn357002173"
"TDWDI","wlob2","Direct Investing - Greater Toronto Area and Western Ontario","wreg356000285","ONE2 (9157)","wbrn357002171"
"TDWDI","wlob2","Direct Investing - Greater Toronto Area and Western Ontario","wreg356000285","SWON (9157)","wbrn357002174"
"TDWDI","wlob2","Direct Investing - Greater Toronto Area and Western Ontario","wreg356000285","SWON2 (9157)","wbrn357002172"
"TDWDI","wlob2","Direct Investing - Greater Toronto Area and Western Ontario","wreg356000285","TORONTOWEST (9157)","wbrn357002168"
"TDWDI","wlob2","Direct Investing - Metro East Region","wreg356000221","MTE-DOWN-001 (5399)","wbrn357002526"
"TDWDI","wlob2","Direct Investing - Metro East Region","wreg356000221","MTE-DOWN-002 (5399)","wbrn357002527"
"TDWDI","wlob2","Direct Investing - Metro East Region","wreg356000221","MTE-DURH-001 (7839)","wbrn357002528"
"TDWDI","wlob2","Direct Investing - Metro East Region","wreg356000221","MTE-GTRN-001 (7839)","wbrn357002529"
"TDWDI","wlob2","Direct Investing - Metro East Region","wreg356000221","MTE-GTRN-002 (7839)","wbrn357002530"
"TDWDI","wlob2","Direct Investing - Metro East Region","wreg356000221","MTE-MRKM-001 (7839)","wbrn357002531"
"TDWDI","wlob2","Direct Investing - Metro East Region","wreg356000221","MTE-MRKM-002 (7839)","wbrn357002532"
"TDWDI","wlob2","Direct Investing - Metro East Region","wreg356000221","MTE-MRKM-003 (7839)","wbrn357002533"
"TDWDI","wlob2","Direct Investing - Metro East Region","wreg356000221","MTE-NYRK-001 (5399)","wbrn357002534"
"TDWDI","wlob2","Direct Investing - Metro East Region","wreg356000221","MTE-NYRK-002 (5399)","wbrn357002535"
"TDWDI","wlob2","Direct Investing - Metro East Region","wreg356000221","MTE-NYRK-003 (5399)","wbrn357002536"
"TDWDI","wlob2","Direct Investing - Metro East Region","wreg356000221","MTE-SNAP-001 (7839)","wbrn357002537"
"TDWDI","wlob2","Direct Investing - Metro East Region","wreg356000221","MTE-SNAP-002 (7839)","wbrn357002538"
"TDWDI","wlob2","Direct Investing - Metro East Region","wreg356000221","MTE-TORC-001 (5399)","wbrn357002539"
"TDWDI","wlob2","Direct Investing - Metro East Region","wreg356000221","MTE-TORC-002 (5399)","wbrn357002540"
"TDWDI","wlob2","Direct Investing - Metro East Region","wreg356000221","MTE-TORC-003 (5399)","wbrn357002541"
"TDWDI","wlob2","Direct Investing - Metro East Region","wreg356000221","MTE-TORE-001 (7839)","wbrn357002542"
"TDWDI","wlob2","Direct Investing - Metro East Region","wreg356000221","MTE-TORE-002 (7839)","wbrn357002543"
"TDWDI","wlob2","Direct Investing - Metro East Region","wreg356000221","MTE-TORF-001 (5399)","wbrn357002545"
"TDWDI","wlob2","Direct Investing - Metro East Region","wreg356000221","MTE-TORF-002 (5399)","wbrn357002546"
"TDWDI","wlob2","Direct Investing - Metro East Region","wreg356000221","MTE-TORW-001 (5399)","wbrn357002547"
"TDWDI","wlob2","Direct Investing - Metro East Region","wreg356000221","MTE-TORW-002 (5399)","wbrn357002548"
"TDWDI","wlob2","Direct Investing - National Sales -amp; Client Education","wreg356000220","Education (6079)","wbrn357002252"
"TDWDI","wlob2","Direct Investing - National Sales -amp; Client Education","wreg356000220","National Sales (6079)","wbrn357002254"
"TDWDI","wlob2","Direct Investing - Pacific and Quebec","wreg356000284","CALGARY1 (9157)","wbrn357002179"
"TDWDI","wlob2","Direct Investing - Pacific and Quebec","wreg356000284","EDMONTON (9157)","wbrn357002181"
"TDWDI","wlob2","Direct Investing - Pacific and Quebec","wreg356000284","PACIFIC (9157)","wbrn357002176"
"TDWDI","wlob2","Direct Investing - Pacific and Quebec","wreg356000284","PACIFIC2 (9157)","wbrn357002182"
"TDWDI","wlob2","Direct Investing - Pacific and Quebec","wreg356000284","PRAIRIE (9157)","wbrn357002177"
"TDWDI","wlob2","Direct Investing - Pacific and Quebec","wreg356000284","PRAIRIE2 (9157)","wbrn357002180"
"TDWDI","wlob2","Direct Investing - Pacific and Quebec","wreg356000284","QUEBEC (9157)","wbrn357002183"
"TDWDI","wlob2","Direct Investing - Pacific and Quebec","wreg356000284","QUEBEC2 (9157)","wbrn357002184"
"TDWDI","wlob2","Direct Investing - Pacific and Quebec","wreg356000284","VANCOUVER1 (9157)","wbrn357002185"
"TDWDI","wlob2","Direct Investing - Pacific and Quebec","wreg356000284","VANCOUVER2 (9157)","wbrn357002178"
"TDWFP","wlob3","Financial Planning - Eastern Canada","wreg356000189","Atlantic NB - QC East (5495)","wbrn357001571"
"TDWFP","wlob3","Financial Planning - Eastern Canada","wreg356000189","Atlantic NS - NL - PEI (4495)","wbrn357001630"
"TDWFP","wlob3","Financial Planning - Eastern Canada","wreg356000189","Mtl South Central - South Shore (4183)","wbrn357001632"
"TDWFP","wlob3","Financial Planning - Eastern Canada","wreg356000189","MTL West-Island - Outaouais (0879)","wbrn357001633"
"TDWFP","wlob3","Financial Planning - Financial Planning Phone Channel","wreg356000201","Account Management (7833)","wbrn357001669"
"TDWFP","wlob3","Financial Planning - Greater Ontario","wreg356000205","Georgian Trails - Durham (9812)","wbrn357001655"
"TDWFP","wlob3","Financial Planning - Greater Ontario","wreg356000205","Ontario Central (3850)","wbrn357001656"
"TDWFP","wlob3","Financial Planning - Greater Ontario","wreg356000205","Ontario North (6997)","wbrn357001657"
"TDWFP","wlob3","Financial Planning - Greater Ontario","wreg356000205","Ottawa South - Seaway East (6885)","wbrn357001659"
"TDWFP","wlob3","Financial Planning - Greater Ontario","wreg356000205","Ottawa West - Valley (2954)","wbrn357001660"
"TDWFP","wlob3","Financial Planning - Greater Toronto Region","wreg356000197","Brampton (9805)","wbrn357001634"
"TDWFP","wlob3","Financial Planning - Greater Toronto Region","wreg356000197","Downsview Hills (8741)","wbrn357001635"
"TDWFP","wlob3","Financial Planning - Greater Toronto Region","wreg356000197","GTR North East (1297)","wbrn357001638"
"TDWFP","wlob3","Financial Planning - Greater Toronto Region","wreg356000197","Mississauga (3782)","wbrn357001641"
"TDWFP","wlob3","Financial Planning - Greater Toronto Region","wreg356000197","North York (9705)","wbrn357001642"
"TDWFP","wlob3","Financial Planning - Greater Toronto Region","wreg356000197","Toronto Core (7349)","wbrn357001643"
"TDWFP","wlob3","Financial Planning - Greater Toronto Region","wreg356000197","Toronto East (1101)","wbrn357001644"
"TDWFP","wlob3","Financial Planning - Greater Toronto Region","wreg356000197","Toronto West (3425)","wbrn357001645"
"TDWFP","wlob3","Financial Planning - NPSS","wreg356000291","TD FP Business Planning (6541)","wbrn357001647"
"TDWFP","wlob3","Financial Planning - NPSS","wreg356000291","TD FP National Sales Support (6545)","wbrn357001646"
"TDWFP","wlob3","Financial Planning - NPSS","wreg356000291","TDW FP National Sales (9750)","wbrn357001651"
"TDWFP","wlob3","Financial Planning - NPSS","wreg356000291","TDW FP Support (4684)","wbrn357001652"
"TDWFP","wlob3","Financial Planning - NPSS","wreg356000291","TDW FP SURVEILLANCE AND RISK (9687)","wbrn357001654"
"TDWFP","wlob3","Financial Planning - Pacific","wreg356000200","Financial Planning - Pacificific Rim (9025)","wbrn357001663"
"TDWFP","wlob3","Financial Planning - Pacific","wreg356000200","Fraser Valley (0693)","wbrn357001666"
"TDWFP","wlob3","Financial Planning - Pacific","wreg356000200","Vancouver Island (2675)","wbrn357001668"
"TDWFP","wlob3","Financial Planning - Prairie","wreg356000202","Calgary South (0649)","wbrn357001674"
"TDWFP","wlob3","Financial Planning - Prairie","wreg356000202","Edmonton North - Alberta North (0651)","wbrn357001676"
"TDWFP","wlob3","Financial Planning - Prairie","wreg356000202","Edmonton South and Alberta NW (8036)","wbrn357001677"
"TDWFP","wlob3","Financial Planning - Prairie","wreg356000202","Saskatchewan (6311)","wbrn357001679"
"TDWFP","wlob3","Financial Planning - Western Ontario Region","wreg356000203","BurlOak (1201)","wbrn357001680"
"TDWFP","wlob3","Financial Planning - Western Ontario Region","wreg356000203","Corridor Region (1902)","wbrn357001688"
"TDWFP","wlob3","Financial Planning - Western Ontario Region","wreg356000203","Hamilton District (9605)","wbrn357001689"
"TDWFP","wlob3","Financial Planning - Western Ontario Region","wreg356000203","London and Area (5997)","wbrn357001691"
"TDWFP","wlob3","Financial Planning - Western Ontario Region","wreg356000203","Ontario South East (7102)","wbrn357001692"
"TDWFP","wlob3","Financial Planning - Western Ontario Region","wreg356000203","Ontario South West (0697)","wbrn357001693"
"TDWFP","wlob3","Financial Planning - Western Ontario Region","wreg356000203","TDWFP Western ON Region (8596)","wbrn357002063"
"TDWFP","wlob3","Financial Planning - Western Ontario Region","wreg356000203","Western Ontario Central (4437)","wbrn357001694"
"TDWPB","wlob420000012","Private Banking - Atlantic","wreg356000240","Halifax (5783)","wbrn357002866"
"TDWPB","wlob420000012","Private Banking - Greater Ontario","wreg356000241","Barrie (2051)","wbrn357002856"
"TDWPB","wlob420000012","Private Banking - Greater Ontario","wreg356000241","London (2926)","wbrn357002855"
"TDWPB","wlob420000012","Private Banking - Greater Ontario","wreg356000241","Ottawa (3235)","wbrn357002857"
"TDWPB","wlob420000012","Private Banking - Metro East","wreg356000242","King - Bay (1043)","wbrn357002874"
"TDWPB","wlob420000012","Private Banking - Metro East","wreg356000242","Vaughan (1555)","wbrn357002869"
"TDWPB","wlob420000012","Private Banking - Metro East","wreg356000242","Yonge - St. Clair (1958)","wbrn357002879"
"TDWPB","wlob420000012","Private Banking - Metro East","wreg356000242","York Region (1095)","wbrn357002871"
"TDWPB","wlob420000012","Private Banking - Metro West","wreg356000243","Kitchener (2757)","wbrn357002872"
"TDWPB","wlob420000012","Private Banking - Pacific","wreg356000244","Vancouver (9409)","wbrn357002854"
"TDWPB","wlob420000012","Private Banking - Prairie","wreg356000245","Calgary (8056)","wbrn357002851"
"TDWPB","wlob420000012","Private Banking - Prairie","wreg356000245","Edmonton - Westlink Park (8547)","wbrn357002853"
"TDWPB","wlob420000012","Private Banking - Prairie","wreg356000245","Edmonton (8245)","wbrn357002852"
"TDWPB","wlob420000012","Private Banking - Prairie","wreg356000245","Winnipeg (6339)","wbrn357002859"
"TDWPB","wlob420000012","Private Banking - Quebec","wreg356000246","Montreal (4516)","wbrn357002876"
"TDWPB","wlob420000012","Private Banking - Quebec","wreg356000246","Quebec City (4656)","wbrn357002877"
"TDWPIA","wlob4","Private Investment Advice - Atlantic","wreg356000180","Charlottetown (2895)","wbrn357001350"
"TDWPIA","wlob4","Private Investment Advice - Atlantic","wreg356000180","Fredericton (2660)","wbrn357001351"
"TDWPIA","wlob4","Private Investment Advice - Atlantic","wreg356000180","Halifax (2766)","wbrn357001349"
"TDWPIA","wlob4","Private Investment Advice - Atlantic","wreg356000180","Kentville (2766)","wbrn357001352"
"TDWPIA","wlob4","Private Investment Advice - Atlantic","wreg356000180","PCS Halifax (2766)","wbrn357001355"
"TDWPIA","wlob4","Private Investment Advice - Atlantic","wreg356000180","Saint John (3741)","wbrn357001353"
"TDWPIA","wlob4","Private Investment Advice - Greater Ontario","wreg356000258","Alliston (4293)","wbrn357001423"
"TDWPIA","wlob4","Private Investment Advice - Greater Ontario","wreg356000258","London (3582)","wbrn357001503"
"TDWPIA","wlob4","Private Investment Advice - Greater Ontario","wreg356000258","Ottawa (3693)","wbrn357001420"
"TDWPIA","wlob4","Private Investment Advice - Greater Ontario","wreg356000258","Owen Sound (3645)","wbrn357001432"
"TDWPIA","wlob4","Private Investment Advice - Greater Ontario","wreg356000258","Sudbury (2896)","wbrn357001421"
"TDWPIA","wlob4","Private Investment Advice - Greater Ontario","wreg356000258","Thunder Bay (2734)","wbrn357001435"
"TDWPIA","wlob4","Private Investment Advice - Greater Ontario","wreg356000258","Windsor (3746)","wbrn357001511"
"TDWPIA","wlob4","Private Investment Advice - Head Office","wreg356000188","Head Office 0997 (0997)","wbrn357001413"
"TDWPIA","wlob4","Private Investment Advice - Head Office","wreg356000188","Head Office 2565 (2565)","wbrn357001414"
"TDWPIA","wlob4","Private Investment Advice - Head Office","wreg356000188","Head Office 2985 (2985)","wbrn357001415"
"TDWPIA","wlob4","Private Investment Advice - Head Office","wreg356000188","Head Office 8950 (8950)","wbrn357001416"
"TDWPIA","wlob4","Private Investment Advice - Metro East Region","wreg356000181","Commerce Valley (3748)","wbrn357001389"
"TDWPIA","wlob4","Private Investment Advice - Metro East Region","wreg356000181","Forest Hill (0983)","wbrn357001395"
"TDWPIA","wlob4","Private Investment Advice - Metro East Region","wreg356000181","LondonX (0001)","wbrn357001699"
"TDWPIA","wlob4","Private Investment Advice - Metro East Region","wreg356000181","National Sales Support (2726)","wbrn357001398"
"TDWPIA","wlob4","Private Investment Advice - Metro East Region","wreg356000181","North York (7620)","wbrn357001399"
"TDWPIA","wlob4","Private Investment Advice - Metro East Region","wreg356000181","PCS St. Clair (5985)","wbrn357001390"
"TDWPIA","wlob4","Private Investment Advice - Metro East Region","wreg356000181","Riverdale (8838)","wbrn357001708"
"TDWPIA","wlob4","Private Investment Advice - Metro East Region","wreg356000181","Toronto Summit 10 (3690)","wbrn357001403"
"TDWPIA","wlob4","Private Investment Advice - Metro East Region","wreg356000181","Toronto Summit 11 (3764)","wbrn357001404"
"TDWPIA","wlob4","Private Investment Advice - Metro East Region","wreg356000181","Whitby (7767)","wbrn357001874"
"TDWPIA","wlob4","Private Investment Advice - Metro East Region","wreg356000181","Yorkville (6654)","wbrn357001405"
"TDWPIA","wlob4","Private Investment Advice - Metro West Region","wreg356000187","Brampton (2514)","wbrn357001374"
"TDWPIA","wlob4","Private Investment Advice - Metro West Region","wreg356000187","Burlington (2485)","wbrn357001505"
"TDWPIA","wlob4","Private Investment Advice - Metro West Region","wreg356000187","Hamilton (2731)","wbrn357001502"
"TDWPIA","wlob4","Private Investment Advice - Metro West Region","wreg356000187","Kingsway PWM (2705)","wbrn357001392"
"TDWPIA","wlob4","Private Investment Advice - Metro West Region","wreg356000187","Niagara Centre (3762)","wbrn357001507"
"TDWPIA","wlob4","Private Investment Advice - Metro West Region","wreg356000187","Oakville 1 (3506)","wbrn357001508"
"TDWPIA","wlob4","Private Investment Advice - Metro West Region","wreg356000187","PCS Mississauga (2495)","wbrn357001401"
"TDWPIA","wlob4","Private Investment Advice - Metro West Region","wreg356000187","Sarnia (4289)","wbrn357001510"
"TDWPIA","wlob4","Private Investment Advice - Ontario North East","wreg356000183","Barrie (7609)","wbrn357001419"
"TDWPIA","wlob4","Private Investment Advice - Ontario North East","wreg356000183","Collingwood (7609)","wbrn357001425"
"TDWPIA","wlob4","Private Investment Advice - Ontario North East","wreg356000183","Kanata Farmboy Market Square (3693)","wbrn357001426"
"TDWPIA","wlob4","Private Investment Advice - Pacific","wreg356000182","Burnaby (2876)","wbrn357001441"
"TDWPIA","wlob4","Private Investment Advice - Pacific","wreg356000182","Kelowna (7606)","wbrn357001438"
"TDWPIA","wlob4","Private Investment Advice - Pacific","wreg356000182","Richmond (7621)","wbrn357001451"
"TDWPIA","wlob4","Private Investment Advice - Pacific","wreg356000182","Vancouver Main (2876)","wbrn357001439"
"TDWPIA","wlob4","Private Investment Advice - Pacific","wreg356000182","Victoria (3508)","wbrn357001437"
"TDWPIA","wlob4","Private Investment Advice - Pacific","wreg356000182","White Rock (3646)","wbrn357001436"
"TDWPIA","wlob4","Private Investment Advice - Prairie","wreg356000185","Calgary (7729)","wbrn357001470"
"TDWPIA","wlob4","Private Investment Advice - Prairie","wreg356000185","Mayfield (9170)","wbrn357001475"
"TDWPIA","wlob4","Private Investment Advice - Prairie","wreg356000185","PCS Calgary (7659)","wbrn357001477"
"TDWPIA","wlob4","Private Investment Advice - Prairie","wreg356000185","Quarry Park (7329)","wbrn357001473"
"TDWPIA","wlob4","Private Investment Advice - Prairie","wreg356000185","Red Deer (7607)","wbrn357001480"
"TDWPIA","wlob4","Private Investment Advice - Prairie","wreg356000185","Saskatoon (7580)","wbrn357001482"
"TDWPIA","wlob4","Private Investment Advice - Prairie","wreg356000185","Winnipeg Pembina (6091)","wbrn357001483"
"TDWPIA","wlob4","Private Investment Advice - Prairie","wreg356000185","Winnipeg Portage (6160)","wbrn357001472"
"TDWPIA","wlob4","Private Investment Advice - Quebec","wreg356000186","Brossard (9119)","wbrn357001487"
"TDWPIA","wlob4","Private Investment Advice - Quebec","wreg356000186","Laval (0889)","wbrn357001497"
"TDWPIA","wlob4","Private Investment Advice - Quebec","wreg356000186","Montreal 1 (9739)","wbrn357001498"
"TDWPIA","wlob4","Private Investment Advice - Quebec","wreg356000186","Montreal Central (3695)","wbrn357001484"
"TDWPIA","wlob4","Private Investment Advice - Quebec","wreg356000186","Pointe Claire (8347)","wbrn357001486"
"TDWPIA","wlob4","Private Investment Advice - Quebec","wreg356000186","Quebec City (7604)","wbrn357001485"
"TDWPIA","wlob4","Private Investment Advice - Quebec","wreg356000186","Sorel (6219)","wbrn357001500"
"TDWPIC","wlob5","Private Investment Council - Atlantic","wreg356000060","Halifax (2766)","wbrn357001324"
"TDWPIC","wlob5","Private Investment Council - Atlantic","wreg356000060","pmp wealth (0475)","wbrn357002396"
"TDWPIC","wlob5","Private Investment Council - Greater Ontario","wreg356000236","Edmonton (2885)","wbrn357001471"
"TDWPIC","wlob5","Private Investment Council - Greater Ontario","wreg356000236","London PIC Office (6251)","wbrn357001783"
"TDWPIC","wlob5","Private Investment Council - Greater Ontario","wreg356000236","Mississauga (7622)","wbrn357001397"
"TDWPIC","wlob5","Private Investment Council - Greater Ontario","wreg356000236","PCS King and Bay (7637)","wbrn357001400"
"TDWPIC","wlob5","Private Investment Council - Greater Ontario","wreg356000236","PIC OTTAWA (8915)","wbrn357001782"
"TDWPIC","wlob5","Private Investment Council - Greater Ontario","wreg356000236","PIC Windsor (3747)","wbrn357001785"
"TDWPIC","wlob5","Private Investment Council - Greater Ontario","wreg356000236","TD WATERHOUSE PIC (9493)","wbrn357001784"
"TDWPIC","wlob5","Private Investment Council - Metro East Region","wreg356000061","PIC King - Bay 2 (4674)","wbrn357001787"
"TDWPIC","wlob5","Private Investment Council - Metro East Region","wreg356000061","PIC PCC ST CLAIR (2449)","wbrn357001792"
"TDWPIC","wlob5","Private Investment Council - Metro East Region","wreg356000061","PIC TORONTO (3774)","wbrn357001786"
"TDWPIC","wlob5","Private Investment Council - Metro East Region","wreg356000061","PIC VAUGHAN (4904)","wbrn357001788"
"TDWPIC","wlob5","Private Investment Council - Metro East Region","wreg356000061","PIC YORK REGION (2273)","wbrn357001790"
"TDWPIC","wlob5","Private Investment Council - Metro West Region","wreg356000067","PIC PCC MISSISSAUGA (2274)","wbrn357001795"
"TDWPIC","wlob5","Private Investment Council - Metro West Region","wreg356000067","pmp wealth 1 (3775)","wbrn357002401"
"TDWPIC","wlob5","Private Investment Council - Metro West Region","wreg356000067","PRIVATE INVESTMENT COUNSEL (2271)","wbrn357001796"
"TDWPIC","wlob5","Private Investment Council - Pacific","wreg356000064","Markham (2479)","wbrn357001396"
"TDWPIC","wlob5","Private Investment Council - Pacific","wreg356000064","PIC Kelowna (2450)","wbrn357001798"
"TDWPIC","wlob5","Private Investment Council - Pacific","wreg356000064","PIC Victoria (2998)","wbrn357001800"
"TDWPIC","wlob5","Private Investment Council - Pacific","wreg356000064","Vancouver Main (2276)","wbrn357001698"
"TDWPIC","wlob5","Private Investment Council - Pacific","wreg356000064","Waterloo (4593)","wbrn357001501"
"TDWPIC","wlob5","Private Investment Council - Prairie","wreg356000065","PIC MANITOBA (2995)","wbrn357001802"
"TDWPIC","wlob5","Private Investment Council - Prairie","wreg356000065","PIC PCC ALBERTA (7711)","wbrn357001806"
"TDWPIC","wlob5","Private Investment Council - Prairie","wreg356000065","PIC PCC EDMONTON (2348)","wbrn357001803"
"TDWPIC","wlob5","Private Investment Council - Prairie","wreg356000065","PIC SASKATOON (3195)","wbrn357001805"
"TDWPIC","wlob5","Private Investment Council - Quebec","wreg356000066","PIC QUEBEC (3775)","wbrn357001808"
"TDWPT","wlob420000008","Private Trust - Greater Ontario","wreg356000247","Ottawa (8901)","wbrn357003056"
"TDWPT","wlob420000008","Private Trust - Metro East","wreg356000248","Commerce Valley (5953)","wbrn357003046"
"TDWPT","wlob420000008","Private Trust - Metro West","wreg356000169","Halton (2975)","wbrn357003050"
"TDWPT","wlob420000008","Private Trust - Metro West","wreg356000169","Kitchener (4645)","wbrn357003051"
"TDWPT","wlob420000008","Private Trust - Metro West","wreg356000169","Mississauga (7837)","wbrn357003054"
"TDWPT","wlob420000008","Private Trust - Pacific","wreg356000249","Vancouver (8894)","wbrn357003047"
"TDWPT","wlob420000008","Private Trust - Pacific","wreg356000249","Victoria (2974)","wbrn357003048"
"TDWPT","wlob420000008","Private Trust - Prairie","wreg356000250","Winnipeg (3802)","wbrn357003080"
"TDWPT","wlob420000008","Private Trust - Quebec","wreg356000251","Montreal (8902)","wbrn357003055"
"TDWWAS","wlob420000015","Wealth Advisory Services - Greater Ontario","wreg356000253","WAS ONE REGION (6365)","wbrn357001855"
"TDWWAS","wlob420000015","Wealth Advisory Services - Metro East Region","wreg356000254","TDWIS GTA CENTRAL EAST (1855)","wbrn357001858"
"TDWWAS","wlob420000015","Wealth Advisory Services - Metro East Region","wreg356000254","WAS OCE Region (4980)","wbrn357001860"
"TDWWAS","wlob420000015","Wealth Advisory Services - Metro East Region","wreg356000254","WAS OCW Region (4880)","wbrn357001856"
"TDWWAS","wlob420000015","Wealth Advisory Services - Pacific","wreg356000255","WAS West Region (3820)","wbrn357001861"
"TDWWAS","wlob420000015","Wealth Advisory Services - Prairie","wreg356000256","TDWIS PRAIRIE (7549)","wbrn357001863"
